{"statusCode": 200, "body": "{\"prediction\": [[1.3974859714508057], [0.8953613638877869]]}"}